"Wang Jianlin","64","2014","1988","Dalian Wanda Group","founder","real estate","new","59","male","China","CHN","0.0","East Asia","self-made finance","15.1","Financial","True","Real Estate","not inherited","True","True"
"Nina Wang","80","1996","1960","Chinachem Group","relation","chemicals","new","0","female","Hong Kong","HKG","160000000000.0","East Asia","inherited","3.3","Financial","True","Real Estate","spouse/widow","True","True"
"Ma Huateng","80","2014","1998","Tencent","founder","internet","new","42","male","China","CHN","0.0","East Asia","founder non-finance","13.4","New Sectors","True","Technology-Computer","not inherited","True","True"
"Robin Li","91","2014","2000","Baidu","founder","internet","new","45","male","China","CHN","0.0","East Asia","founder non-finance","12.1","New Sectors","True","Technology-Computer","not inherited","True","True"
"Zong Qinghou","94","2014","1987","Hangzhou Wahaha Group","founder","beverages","new","68","male","China","CHN","0.0","East Asia","founder non-finance","11.6","Traded Sectors","True","Consumer","not inherited","True","True"
"Nina Wang","109","2001","1960","Chinachem Group","relation","chemicals","new","0","female","Hong Kong","HKG","169000000000.0","East Asia","inherited","3.7","Financial","True","Real Estate","spouse/widow","True","True"
"Li Hejun","117","2014","1994","Hanergy Solar","founder/chairman","energy","new","46","male","China","CHN","0.0","East Asia","privatized and resources","10.3","Resource Related","True","Energy","not inherited","True","True"
"Jack Ma","122","2014","1999","Alibaba group","founder","internet","new","49","male","China","CHN","0.0","East Asia","founder non-finance","10.0","New Sectors","True","Technology-Computer","not inherited","True","True"
"Tsai Eng-Meng","130","2014","1962","Want Want China","relation","food","new","57","male","Taiwan","Taiwan","0.0","East Asia","inherited","9.5","Traded Sectors","True","Consumer","father","True","True"
"He Xiangjian","190","2014","1968","Midea","founder","appliances","new","71","male","China","CHN","0.0","East Asia","founder non-finance","7.1","Traded Sectors","True","Consumer","not inherited","True","True"
"Wei Jianjun","196","2014","1984","Great Wall Motors","chairman","autos","privatization","50","male","China","CHN","0.0","East Asia","privatized and resources","6.9","Traded Sectors","True","Consumer","not inherited","True","True"
"Yang Huiyan","196","2014","1997","Country Garden Holdings","relation","property development","new","32","female","China","CHN","0.0","East Asia","inherited","6.9","Financial","True","Real Estate","father","True","True"
"Chan Laiwa","234","2014","1988","Fuwah International Group","founder","real estate","new","73","female","China","CHN","0.0","East Asia","self-made finance","6.0","Financial","True","Real Estate","not inherited","True","True"
"Hui Ka Yan","244","2014","1997","Evergrande Group","chairman","real estate","new","55","male","China","CHN","0.0","East Asia","self-made finance","5.7","Financial","True","Real Estate","not inherited","True","True"
"Liu Yongxing","256","2014","1982","East Hope Group","founder","agribusiness","new","65","male","China","CHN","0.0","East Asia","founder non-finance","5.5","Traded Sectors","True","Consumer","not inherited","True","True"
"Zhang Zhidong","305","2014","1998","Tencent","founder","internet","new","42","male","China","CHN","0.0","East Asia","founder non-finance","4.8","New Sectors","True","Technology-Computer","not inherited","True","True"
"Guo Guangchang","345","2014","1992","Fosun Group","founder","investment","new","47","male","China","CHN","0.0","East Asia","self-made finance","4.3","Financial","True","Diversified financial","not inherited","True","True"
"Liang Wengen","345","2014","1989","Sany Heavy Industry","founder","heavy manufacturing","new","57","male","China","CHN","0.0","East Asia","founder non-finance","4.3","Traded Sectors","True","Non-consumer industrial","not inherited","True","True"
"Wang Chuanfu","345","2014","1995","BYD Company","founder","mobile phone batteries","new","48","male","China","CHN","0.0","East Asia","founder non-finance","4.3","Traded Sectors","True","Consumer","not inherited","True","True"
"Wang Wenyin","354","2014","1994","Amer International Group","owner","copper/mining","new","46","male","China","CHN","0.0","East Asia","privatized and resources","4.2","Resource Related","True","Mining and metals","not inherited","True","True"
"William Ding","354","2014","1997","NetEase","founder and CEO","internet","new","42","male","China","CHN","0.0","East Asia","founder non-finance","4.2","New Sectors","True","Technology-Computer","not inherited","True","True"
"Lei Jun","375","2014","2010","Xiaomi Tech","founder","technology","new","44","male","China","CHN","0.0","East Asia","founder non-finance","4.0","Traded Sectors","True","Consumer","not inherited","True","True"
"Wang Wei","375","2014","1993","S.F. Express","founder","express delivery services","new","0","male","China","CHN","0.0","East Asia","founder non-finance","4.0","Non-Traded Sectors","True","Retail, Restaurant","not inherited","True","True"
"Rong Yiren","387","2001","1978","China International Trust and Investment Corp","founder","investment","new","0","male","China","CHN","1330000000000.0","East Asia","privatized and resources","1.3","Financial","True","Money Management","not inherited","True","True"
"Jiang Bin","408","2014","2001","GoerTek","founder","electronic componants","new","47","male","China","CHN","0.0","East Asia","founder non-finance","3.7","New Sectors","True","Technology-Computer","not inherited","True","True"
"Wu Yajun","408","2014","1995","Longfor Properties","founder","real estate","new","50","female","China","CHN","0.0","East Asia","privatized and resources","3.7","Financial","True","Real Estate","not inherited","True","True"
"Zhang Jindong","408","2014","1990","Suning Group","founder/president","retail, home appliances","new","50","male","China","CHN","0.0","East Asia","founder non-finance","3.7","Non-Traded Sectors","True","Retail, Restaurant","not inherited","True","True"
"Zhang Xin","408","2014","1995","SOHO China","founder","real estate","new","48","female","China","CHN","0.0","East Asia","self-made finance","3.7","Financial","True","Real Estate","not inherited","True","True"
"Zhang Shiping","430","2014","1994","China Hongqiao","founder","aluminum","new","67","male","China","CHN","0.0","East Asia","privatized and resources","3.6","Resource Related","True","Mining and metals","not inherited","True","True"
"Lu Guanqiu","446","2014","1969","Wanxiang Group","founder","automotive parts","new","69","male","China","CHN","0.0","East Asia","self-made finance","3.5","Financial","True","Diversified financial","not inherited","True","True"
"Sun Guangxin","466","2014","1989","Xinjiang Guanghui Industry Investment Group","founder","energy","new","51","male","China","CHN","0.0","East Asia","self-made finance","3.4","Financial","True","Diversified financial","not inherited","True","True"
"Fu Liquan","483","2014","2001","Zhejiang Dahua Technology","chairman","security and surveillance technology","new","46","male","China","CHN","0.0","East Asia","executive","3.3","New Sectors","True","Technology-Computer","not inherited","True","True"
"Liu Yonghao","506","2014","1982","New Hope Group","founder","animal feed","new","62","male","China","CHN","0.0","East Asia","founder non-finance","3.2","Traded Sectors","True","Consumer","not inherited","True","True"
"Lu Xiangyang","506","2014","1995","BYD","vice chairman","automobiles","new","51","male","China","CHN","0.0","East Asia","executive","3.2","Traded Sectors","True","Consumer","not inherited","True","True"
"Shi Yuzhu","520","2014","2005","Giant Interactive","founder","software","new","51","male","China","CHN","0.0","East Asia","founder non-finance","3.1","New Sectors","True","Technology-Computer","not inherited","True","True"
"Lu Zhiqiang","551","2014","1985","Oceanwide Group of Beijing","chairman","real estate, financial services and computers","new","61","male","China","CHN","0.0","East Asia","self-made finance","3.0","Financial","True","Diversified financial","not inherited","True","True"
"Wang Yusuo","551","2014","1992","ENN Energy Group","founder","natural gas","new","49","male","China","CHN","0.0","East Asia","privatized and resources","3.0","Resource Related","True","Energy","not inherited","True","True"
"Huang Rulun","609","2014","1991","Century Golden Resources Group","founder","real estate","new","62","male","China","CHN","0.0","East Asia","self-made finance","2.8","Financial","True","Real Estate","not inherited","True","True"
"Yang Kai","609","2014","1951","China Huishan Dairy Holding","chairman","dairy products","new","57","male","China","CHN","0.0","East Asia","executive","2.8","Traded Sectors","True","Consumer","not inherited","True","True"
"Liu Qiangdong","642","2014","2004","JD.com","founder","e-commerce","new","39","male","China","CHN","0.0","East Asia","founder non-finance","2.7","New Sectors","True","Technology-Computer","not inherited","True","True"
"Qiu Guanghe","642","2014","1996","Zhejiang Semir Garment","chairman","retail","new","62","male","China","CHN","0.0","East Asia","founder non-finance","2.7","Non-Traded Sectors","True","Retail, Restaurant","not inherited","True","True"
"Tong Jinquan","642","2014","1992","Summit","chairman","real estate","new","59","male","China","CHN","0.0","East Asia","self-made finance","2.7","Financial","True","Real Estate","not inherited","True","True"
"Hui Lin Chit","663","2014","1985","Hengan Internationl Group Company Limited","founder","diapers","new","61","male","China","CHN","0.0","East Asia","founder non-finance","2.6","Traded Sectors","True","Consumer","not inherited","True","True"
"Pan Zhengmin","663","2014","1993","AAC Technologies","founder","electronics","new","44","male","China","CHN","0.0","East Asia","founder non-finance","2.6","New Sectors","True","Technology-Computer","not inherited","True","True"
"Sze Man Bok","663","2014","1985","Hengan Internationl Group Company Limited","founder","diapers","new","64","male","China","CHN","0.0","East Asia","founder non-finance","2.6","Traded Sectors","True","Consumer","not inherited","True","True"
"Pang Kang","687","2014","1720","Foshan Haitian Flavoring and Food","chairman","soy sauce","new","58","male","China","CHN","0.0","East Asia","executive","2.5","Traded Sectors","True","Consumer","not inherited","True","True"
"Liang Yunchao","731","2014","1995","Guangdong By-Health Biotechnology","founder","nutrition supplements","new","45","male","China","CHN","0.0","East Asia","founder non-finance","2.4","Traded Sectors","True","Consumer","not inherited","True","True"
"Ma Jianrong","731","2014","1990","Shenzhou International","relative","textiles","new","50","male","China","CHN","0.0","East Asia","inherited","2.4","Traded Sectors","True","Consumer","father","True","True"
"Cai Kui","764","2014","1995","Longfor Properties","founder","real estate","new","51","male","China","CHN","0.0","East Asia","self-made finance","2.3","Financial","True","Real Estate","not inherited","True","True"
"Chen Fashu","764","2014","2000","Zijin Mining Group","investor","mining","new","53","male","China","CHN","0.0","East Asia","self-made finance","2.3","Financial","True","Diversified financial","not inherited","True","True"
"Jia Yueting","764","2014","2000","Leshi Television","founder","entertainment","new","41","male","China","CHN","0.0","East Asia","founder non-finance","2.3","Non-Traded Sectors","True","Media","not inherited","True","True"
"Wang Changtian","764","2014","2000","Beijing Enlight","chairman","entertainment","new","48","male","China","CHN","0.0","East Asia","founder non-finance","2.3","Non-Traded Sectors","True","Media","not inherited","True","True"
"Xu Jingren","764","2014","1971","Yangtze River Pharmaceutical Group","founder","pharmaceuticals","new","69","male","China","CHN","0.0","East Asia","founder non-finance","2.3","New Sectors","True","Technology-Medical","not inherited","True","True"
"Xue Xiangdong","764","2014","2001","DHC Software","founder","software","new","55","male","China","CHN","0.0","East Asia","founder non-finance","2.3","New Sectors","True","Technology-Computer","not inherited","True","True"
"Jiang Rensheng","796","2014","2001","Chongqing Zhifei Biological Products","founder, chairman","pharmaceuticals","new","60","male","China","CHN","0.0","East Asia","founder non-finance","2.2","New Sectors","True","Technology-Medical","not inherited","True","True"
"Liu Zhongtian","828","2014","1993","Zhongwang Holdings","founder and chairman","aluminum","new","50","male","China","CHN","0.0","East Asia","founder non-finance","2.1","Traded Sectors","True","Non-consumer industrial","not inherited","True","True"
"Zhang Li","828","2014","1994","Guangzho R&F","chairman","real estate","new","61","male","China","CHN","0.0","East Asia","self-made finance","2.1","Financial","True","Real Estate","not inherited","True","True"
"Zhou Hongyi","828","2014","2005","Qihoo","founder","internet companies","new","43","male","China","CHN","0.0","East Asia","founder non-finance","2.1","New Sectors","True","Technology-Computer","not inherited","True","True"
"Zhu Gongshan","828","2014","2008","GCL-Poly Energy Holdings","founder","solar energy","new","56","male","China","CHN","0.0","East Asia","privatized and resources","2.1","Resource Related","True","Energy","not inherited","True","True"
"Cai Dongqing","869","2014","1999","Guangdong Alpha Animation and Culture Co","chairman","animation","new","44","male","China","CHN","0.0","East Asia","executive","2.0","New Sectors","True","Technology-Computer","not inherited","True","True"
"Chanchai Ruayrungruang","869","2014","1984","Reignwood Group","founder","real estate","new","60","male","China","CHN","0.0","East Asia","founder non-finance","2.0","Traded Sectors","True","Consumer","not inherited","True","True"
"Shen Guojun","869","2014","1988","Intime Retail","chairman","retail","new","51","male","China","CHN","0.0","East Asia","executive","2.0","Non-Traded Sectors","True","Retail, Restaurant","not inherited","True","True"
"Sun Weijie","869","2014","1997","Yantai Jereh Oilfield Services Group","founder and chairman","oil exploration equipment","new","50","male","China","CHN","0.0","East Asia","founder non-finance","2.0","Traded Sectors","True","Non-consumer industrial","not inherited","True","True"
"Wang Wenxue","869","2014","1998","China Fortune Land Development","chairman","real estate","new","46","male","China","CHN","0.0","East Asia","self-made finance","2.0","Financial","True","Real Estate","not inherited","True","True"
"Wu Yiling","925","2014","1992","Yiling Pharmaceuticals","founder","pharmaceuticals","new","64","male","China","CHN","0.0","East Asia","founder non-finance","2.0","New Sectors","True","Technology-Medical","not inherited","True","True"
"Fu Meicheng","931","2014","2005","Zhejiang Huace Film & TV","chairman","media","new","56","male","China","CHN","0.0","East Asia","executive","1.9","Non-Traded Sectors","True","Media","not inherited","True","True"
"Mo Tianquan","931","2014","2012","SouFun Holdings","founder","internet","new","50","male","China","CHN","0.0","East Asia","founder non-finance","1.9","New Sectors","True","Technology-Computer","not inherited","True","True"
"Song Zuowen","931","2014","1978","Nanshan Group","founder","property, textile manufacturing","new","66","male","China","CHN","0.0","East Asia","privatized and resources","1.9","Financial","True","Diversified financial","not inherited","True","True"
"Li Shufu","973","2014","1986","Geely Automobile","founder","automobiles","new","50","male","China","CHN","0.0","East Asia","founder non-finance","1.9","Traded Sectors","True","Consumer","not inherited","True","True"
"Li Zhongchu","973","2014","1995","Beijing Shiji Information Technology","founder","software","new","50","male","China","CHN","0.0","East Asia","founder non-finance","1.9","New Sectors","True","Technology-Computer","not inherited","True","True"
"Sun Piaoyang","973","2014","1970","Jiangsu Hengrui Medicine","chairman","pharmaceuticals","new","55","male","China","CHN","0.0","East Asia","executive","1.9","New Sectors","True","Technology-Medical","not inherited","True","True"
"Che Fengsheng","988","2014","2001","Sihuan Pharmaceutical","founder","pharmaceuticals","new","51","male","China","CHN","0.0","East Asia","founder non-finance","1.8","New Sectors","True","Technology-Medical","not inherited","True","True"
"Chen Jinxia","988","2014","1994","Hunan Yongjin Group","relation","pharmaceuticals","new","45","female","China","CHN","0.0","East Asia","inherited","1.8","Financial","True","Diversified financial","spouse/widow","True","True"
"Liu Baolin","988","2014","1985","Jointown Pharmaceutical Group","chairman","pharmaceuticals","new","60","male","China","CHN","0.0","East Asia","executive","1.8","New Sectors","True","Technology-Medical","not inherited","True","True"
"Wu Guangming","988","2014","1998","Jiangsu Yuyue Medical Equipment and Supply","founder","medical equipment","new","52","male","China","CHN","0.0","East Asia","founder non-finance","1.8","New Sectors","True","Technology-Medical","not inherited","True","True"
"Zhang Zhirong","988","2014","2005","China Rongsheng","CEO","shipbuilding","new","45","male","Hong Kong","HKG","0.0","East Asia","executive","1.8","Traded Sectors","True","Non-consumer industrial","not inherited","True","True"
"Zhu Xingliang","988","2014","1994","Suzhou Gold Mantis","investor","construction","new","54","male","China","CHN","0.0","East Asia","executive","1.8","Non-Traded Sectors","True","Constrution","not inherited","True","True"
"Huang Li","1046","2014","1999","Wuhan Guide Infrared","founder","electronics","new","50","male","China","CHN","0.0","East Asia","founder non-finance","1.7","New Sectors","True","Technology-Computer","not inherited","True","True"
"Huang Wei","1046","2014","1993","Xinhu Zhongbao","president","real estate","new","54","male","China","CHN","0.0","East Asia","self-made finance","1.7","Financial","True","Real Estate","not inherited","True","True"
"Lin Xiucheng","1046","2014","2000","San'an Electronics","chairman","electronics","new","58","male","China","CHN","0.0","East Asia","executive","1.7","New Sectors","True","Technology-Computer","not inherited","True","True"
"Shao Genhuo","1046","2014","1994","DBN Group","founder","agribusiness","new","48","male","China","CHN","0.0","East Asia","founder non-finance","1.7","Traded Sectors","True","Consumer","not inherited","True","True"
"Wang Junmin","1046","2014","2000","Haisco Pharmaceutical Group","founder","pharmaceuticals","new","45","male","China","CHN","0.0","East Asia","founder non-finance","1.7","New Sectors","True","Technology-Medical","not inherited","True","True"
"Zhang Hongwei","1046","2014","2007","United Energy Group","chairman","oil","new","59","male","China","CHN","0.0","East Asia","self-made finance","1.7","Financial","True","Diversified financial","not inherited","True","True"
"Cao Kejian","1092","2014","1956","Zhejiang Kaishan Compressor","chairman","air compressors","privatization","51","male","China","CHN","0.0","East Asia","privatized and resources","1.6","Traded Sectors","True","Non-consumer industrial","not inherited","True","True"
"Gao Dekang","1092","2014","1975","Bosideng International","chairman","apparel retail","new","62","male","China","CHN","0.0","East Asia","executive","1.6","Traded Sectors","True","Consumer","not inherited","True","True"
"Gu Wei","1092","2014","2005","Shenzhen MTC","chairman","electronics","new","49","male","China","CHN","0.0","East Asia","executive","1.6","Traded Sectors","True","Non-consumer industrial","not inherited","True","True"
"Huang Shaowu","1092","2014","1998","Shenzhen Aisidi","founder","retail","new","43","male","China","CHN","0.0","East Asia","founder non-finance","1.6","Non-Traded Sectors","True","Retail, Restaurant","not inherited","True","True"
"Liang Xinjun","1092","2014","1992","Fosun Group","founder","investment","new","46","male","China","CHN","0.0","East Asia","self-made finance","1.6","Financial","True","Diversified financial","not inherited","True","True"
"Wen Jianping","1092","2014","2001","Beijing Originwater Technology","founder","sewage treatment","new","52","male","China","CHN","0.0","East Asia","founder non-finance","1.6","0","True","Other","not inherited","True","True"
"Wong Luen Hei","1092","2014","1996","China Lesso Group","founder","home building materials","new","52","male","China","CHN","0.0","East Asia","founder non-finance","1.6","Traded Sectors","True","Non-consumer industrial","not inherited","True","True"
"Zhou Chengjian","1092","2014","1986","Metersbonwe Group","founder","fashion","new","48","male","China","CHN","0.0","East Asia","founder non-finance","1.6","Non-Traded Sectors","True","Retail, Restaurant","not inherited","True","True"
"Wong Kwong Yu","1143","2014","1987","Gome","investor","retail","new","44","male","China","CHN","0.0","East Asia","privatized and resources","1.6","Non-Traded Sectors","True","Retail, Restaurant","not inherited","True","True"
"Chen Tianqiao","1154","2014","1999","Shanda Interactive Entertainment","founder","entertainment","new","41","male","China","CHN","0.0","East Asia","founder non-finance","1.5","New Sectors","True","Technology-Computer","not inherited","True","True"
"He Qiaonu","1154","2014","1992","Beijing Orient Landscape","founder","landscape architecture","new","48","female","China","CHN","0.0","East Asia","founder non-finance","1.5","Non-Traded Sectors","True","Constrution","not inherited","True","True"
"Huang Shih Tsai","1154","2014","1990","Greater China International Investment Group","founder","real estate","new","62","male","Hong Kong","HKG","0.0","East Asia","self-made finance","1.5","Financial","True","Real Estate","not inherited","True","True"
"Lam Kong","1154","2014","1995","China Medical Systems","founder","pharmaceuticals","new","49","male","China","CHN","0.0","East Asia","founder non-finance","1.5","New Sectors","True","Technology-Medical","not inherited","True","True"
"Wen Yibo","1154","2014","1993","The Sound Group","founder","waste management","new","48","male","China","CHN","0.0","East Asia","founder non-finance","1.5","Traded Sectors","True","Non-consumer industrial","not inherited","True","True"
"Zhu Yicai","1154","2014","1993","Yurun Food","founder","meat products","new","49","male","China","CHN","0.0","East Asia","self-made finance","1.5","Financial","True","Diversified financial","not inherited","True","True"
"Zhang Changhong","1203","2014","2000","DZH/Shanghai Great Wisdom","chairman","financial information","new","55","male","China","CHN","0.0","East Asia","self-made finance","1.5","Financial","True","Money Management","not inherited","True","True"
"Chen Jianhua","1210","2014","2002","Hengli Group","chairman","plastics","new","43","male","China","CHN","0.0","East Asia","executive","1.4","Traded Sectors","True","Non-consumer industrial","not inherited","True","True"
"Lei Jufang","1210","2014","1993","Tibet Cheezheng Tibetan Medicine","founder","pharmaceuticals","new","61","female","China","CHN","0.0","East Asia","founder non-finance","1.4","New Sectors","True","Technology-Medical","not inherited","True","True"
"Wang Jing","1210","2014","1995","Beijing Xinwei Telecom Technology","chairman","telecom","new","41","male","China","CHN","0.0","East Asia","executive","1.4","Non-Traded Sectors","True","Media","not inherited","True","True"
"Wang Kunxiao","1210","2014","1997","Yantai Jereh Oilfield Services Group","founder","oil exploration equipment","new","44","male","China","CHN","0.0","East Asia","privatized and resources","1.4","Resource Related","True","Energy","not inherited","True","True"
"Lin Li","1270","2014","1995","Liye Group","founder","investments","new","50","male","China","CHN","0.0","East Asia","self-made finance","1.4","Financial","True","Diversified financial","not inherited","True","True"
"Chen Bang","1284","2014","0","Air Eye Hospital Group","founder","hospitals","new","48","male","China","CHN","0.0","East Asia","self-made finance","1.3","Financial","True","Real Estate","not inherited","True","True"
"Chu Mang Yee","1284","2014","1992","Hopson Development","chairman","real estate","new","54","male","China","CHN","0.0","East Asia","self-made finance","1.3","Financial","True","Real Estate","not inherited","True","True"
"Du Jiangtao","1284","2014","2003","Inner Mongolia Junzhen Energy and Chemical Industry","chairman","chemicals","new","44","male","China","CHN","0.0","East Asia","executive","1.3","Traded Sectors","True","Non-consumer industrial","not inherited","True","True"
"Jiang Zhaobai","1284","2014","1997","Shanghai Pengxin Group","chairman","real estate","new","50","male","China","CHN","0.0","East Asia","self-made finance","1.3","Financial","True","Real Estate","not inherited","True","True"
"Ni Zhaoxing","1284","2014","1992","Zhongrong Group","president","real estate","new","58","male","China","CHN","0.0","East Asia","self-made finance","1.3","Financial","True","Real Estate","not inherited","True","True"
"Sun Pingfan","1284","2014","2003","Ningbo Cixing","chairman","sewing machines","new","44","male","China","CHN","0.0","East Asia","executive","1.3","Traded Sectors","True","Consumer","not inherited","True","True"
"Wang Wenjing","1284","2014","1988","Yonyou Software","chairman","software","new","49","male","China","CHN","0.0","East Asia","founder non-finance","1.3","New Sectors","True","Technology-Computer","not inherited","True","True"
"Wei Shaojun","1356","2014","1995","Longjitaihe","founder","real estate","new","51","male","China","CHN","0.0","East Asia","self-made finance","1.3","Financial","True","Real Estate","not inherited","True","True"
"Huang Wen Tsai","1372","2014","1996","Star River Goup","founder","real estate","new","60","male","China","CHN","0.0","East Asia","self-made finance","1.2","Financial","True","Real Estate","not inherited","True","True"
"Li Li","1372","2014","1998","Shenzhen Hepalink Pharmaceutical","founder","pharmaceuticals","new","50","male","China","CHN","0.0","East Asia","founder non-finance","1.2","New Sectors","True","Technology-Medical","not inherited","True","True"
"Liu Xuejing","1372","2014","1991","GMK Holding","owner","copper, poultry","new","63","male","China","CHN","0.0","East Asia","privatized and resources","1.2","Resource Related","True","Mining and metals","not inherited","True","True"
"Nan Cunhui","1372","2014","1984","Chint Group","chairman","electricity","new","50","male","China","CHN","0.0","East Asia","executive","1.2","New Sectors","True","Technology-Computer","not inherited","True","True"
"Tian Ming","1372","2014","1990","Hefei Meiya Optoelectronic Technology","owner","measuring instruments","new","60","male","China","CHN","0.0","East Asia","executive","1.2","Traded Sectors","True","Non-consumer industrial","not inherited","True","True"
"Tu Jianhua","1372","2014","0","Lancing Motor","chairman","motorcycles","new","50","male","China","CHN","0.0","East Asia","executive","1.2","Traded Sectors","True","Consumer","not inherited","True","True"
"Yu Minhong","1372","2014","1993","New Oriental Education and Technology Group","founder","education","new","52","male","China","CHN","0.0","East Asia","founder non-finance","1.2","0","True","Other","not inherited","True","True"
"Zhang Zhongneng","1372","2014","1993","Guangdong Dongyangguang Aluminum","owner","aluminum","privatization","50","male","China","CHN","0.0","East Asia","privatized and resources","1.2","Resource Related","True","Mining and metals","not inherited","True","True"
"Liu Zhenguo","1442","2014","2001","Beijing Originwater Technology","Vice Chairman","sewage treatment","new","49","male","China","CHN","0.0","East Asia","executive","1.2","0","True","0","not inherited","True","True"
"Ma Xingtian","1442","2014","1998","Kangmei Pharmaceutical","founder","pharmaceuticals","new","44","male","China","CHN","0.0","East Asia","founder non-finance","1.2","New Sectors","True","Technology-Medical","not inherited","True","True"
"Miao Shouliang","1442","2014","0","Fuyuan Group","","real estate","new","59","male","China","CHN","0.0","East Asia","self-made finance","1.2","Financial","True","Real Estate","not inherited","True","True"
"Qi Xiangdong","1442","2014","2005","Qihoo","founder","internet company","new","43","male","China","CHN","0.0","East Asia","founder non-finance","1.2","New Sectors","True","Technology-Computer","not inherited","True","True"
"Ye Cheng","1442","2014","1992","Shandong Landbridge Group","chairman","port logistics","new","52","male","China","CHN","0.0","East Asia","self-made finance","1.2","Financial","True","Diversified financial","not inherited","True","True"
"Fang Wei","1465","2014","2002","Fangda International Industrial Investment?","chairman","mining","new","40","male","China","CHN","0.0","East Asia","privatized and resources","1.1","Traded Sectors","True","Non-consumer industrial","not inherited","True","True"
"Hu Kaijun","1465","2014","2005","China Grand Pharmaceutical","owner","pharmaceuticals","new","52","male","China","CHN","0.0","East Asia","privatized and resources","1.1","New Sectors","True","Technology-Medical","not inherited","True","True"
"Huang Zhenda","1465","2014","1993","Guangdong Liantai Group","founder","construction","new","66","male","China","CHN","0.0","East Asia","founder non-finance","1.1","Non-Traded Sectors","True","Constrution","not inherited","True","True"
"Jiang Wei","1465","2014","2005","Guizhou Bailing Group Pharmaceutical","chairman","pharmaceuticals","new","52","male","China","CHN","0.0","East Asia","executive","1.1","New Sectors","True","Technology-Medical","not inherited","True","True"
"Ke Xiping","1465","2014","1994","Xiamen Hengxing group","founder","mining, investments","new","53","male","China","CHN","0.0","East Asia","self-made finance","1.1","Financial","True","Diversified financial","not inherited","True","True"
"Liu Zhenfeng","1465","2014","1997","Yantai Jereh Oilfield Services Group","owner","oilfield equipment","new","52","male","China","CHN","0.0","East Asia","privatized and resources","1.1","Resource Related","True","Energy","not inherited","True","True"
"Luo Fei","1465","2014","1999","Biostime International Holdings","ceo","infant formula","new","0","male","China","CHN","0.0","East Asia","executive","1.1","Traded Sectors","True","Consumer","not inherited","True","True"
"Que Wenbin","1465","2014","2001","Duyiwei Biological Pharmaceutical","owner","pharmaceuticals","new","50","male","China","CHN","0.0","East Asia","executive","1.1","New Sectors","True","Technology-Medical","not inherited","True","True"
"Shen Wenrong","1465","2014","1975","Shagang Group","chairman","steel","new","68","male","China","CHN","0.0","East Asia","privatized and resources","1.1","Resource Related","True","Non-consumer industrial","not inherited","True","True"
"Yan Zhi","1465","2014","2005","Zall Development of Wuhan","founder","real estate","new","41","male","China","CHN","0.0","East Asia","self-made finance","1.1","Financial","True","Real Estate","not inherited","True","True"
"Zhang Guiping","1465","2014","1990","Suning Universal","chairman","real estate","new","62","male","China","CHN","0.0","East Asia","self-made finance","1.1","Financial","True","Real Estate","not inherited","True","True"
"Chen Miaolin","1540","2014","0","New Century Group","founder","hotels","","61","male","China","CHN","0.0","East Asia","self-made finance","1.1","Financial","True","Real Estate","not inherited","True","True"
"Chen Zemin","1540","2014","1992","Sanquan Food","founder","food","new","71","male","China","CHN","0.0","East Asia","founder non-finance","1.1","Traded Sectors","True","Consumer","not inherited","True","True"
"Cheung Yan","1540","2014","1995","Nine Dragons Paper","founder","paper","new","57","female","China","CHN","0.0","East Asia","founder non-finance","1.1","Traded Sectors","True","Consumer","not inherited","True","True"
"Liu Gexin","1540","2014","1996","Sichuan Kelun Pharmaceutical","founder","pharmaceuticals","new","62","male","China","CHN","0.0","East Asia","founder non-finance","1.1","New Sectors","True","Technology-Medical","not inherited","True","True"
"Sun Hongbin","1540","2014","1994","Sunac China Holdings","founder","real estate","new","51","male","United States","USA","0.0","North America","self-made finance","1.1","Financial","True","Real Estate","not inherited","True","True"
"Wang Laichun","1540","2014","2004","Luxshare Precision Industry","chairwomen","electonics components","new","46","female","China","CHN","0.0","East Asia","executive","1.1","New Sectors","True","Technology-Computer","not inherited","True","True"
"Wang Laisheng","1540","2014","2004","Luxshare Precision Industry","owner","electonics components","new","49","male","China","CHN","0.0","East Asia","executive","1.1","New Sectors","True","Technology-Computer","not inherited","True","True"
"Yao Wenbin","1540","2014","2004","Ourpalm","founder","software","new","43","male","China","CHN","0.0","East Asia","founder non-finance","1.1","New Sectors","True","Technology-Computer","not inherited","True","True"
"An Kang","1565","2014","1992","Hualan Biological Engineering","founder","pharmaceuticals","new","65","male","China","CHN","0.0","East Asia","founder non-finance","1.0","New Sectors","True","Technology-Medical","not inherited","True","True"
"Ding Shijia","1565","2014","1994","Anta Sports","deputy chairman","sportswear","new","50","male","China","CHN","0.0","East Asia","executive","1.0","Traded Sectors","True","Consumer","not inherited","True","True"
"Ding Shizhong","1565","2014","1966","China SCE Property Holdings Limited","director","real estate","new","43","male","China","CHN","0.0","East Asia","executive","1.0","Non-Traded Sectors","True","Retail, Restaurant","not inherited","True","True"
"Feng Hailiang","1565","2014","1989","Hailiang Group","founder","copper","new","53","male","China","CHN","0.0","East Asia","founder non-finance","1.0","0","True","0","not inherited","True","True"
"Fu Kwan","1565","2014","1990","Macrolink Group","chairman","investments","new","56","male","China","CHN","0.0","East Asia","self-made finance","1.0","Financial","True","Diversified financial","not inherited","True","True"
"Huo Qinghua","1565","2014","1996","China Kingho","chairman","coal","new","52","male","China","CHN","0.0","East Asia","privatized and resources","1.0","Resource Related","True","Mining and metals","not inherited","True","True"
"Li Denghai","1565","2014","1989","Shandong Denghai Seeds","founder","agriculture","new","64","male","China","CHN","0.0","East Asia","founder non-finance","1.0","Traded Sectors","True","Consumer","not inherited","True","True"
"Li Shuirong","1565","2014","1995","Rongsheng Petrochemical","chairman","petrochemicals","new","57","male","China","CHN","0.0","East Asia","executive","1.0","Traded Sectors","True","Non-consumer industrial","not inherited","True","True"
"Liu Xiaomeng","1565","2014","1990","Suning Group","investor","retail, home appliances","new","59","female","China","CHN","0.0","East Asia","executive","1.0","Non-Traded Sectors","True","Retail, Restaurant","not inherited","True","True"
"Wang Jianfeng","1565","2014","2004","Ningo Joyson Electric","founder","auto parts","new","44","male","China","CHN","0.0","East Asia","founder non-finance","1.0","Traded Sectors","True","Consumer","not inherited","True","True"
"Wang Muqing","1565","2014","1999","China ZhengTong Auto Services","founder","auto retail","new","63","male","China","CHN","0.0","East Asia","founder non-finance","1.0","Non-Traded Sectors","True","Retail, Restaurant","not inherited","True","True"
"Wang Yong","1565","2014","1986","Xiwang Group","founder","food sweeteners","new","63","male","China","CHN","0.0","East Asia","founder non-finance","1.0","Traded Sectors","True","Consumer","not inherited","True","True"
"Wu Xiong","1565","2014","1999","Biostime International Holdings","owner","infant formula","new","0","male","China","CHN","0.0","East Asia","executive","1.0","Traded Sectors","True","Consumer","not inherited","True","True"
"Yang Keng","1565","2014","0","Blue Ray Corp","chairman","real estate","new","53","male","China","CHN","0.0","East Asia","self-made finance","1.0","Financial","True","Real Estate","not inherited","True","True"
"Zhu Wenchen","1565","2014","1999","Furen Pharmaceutical Group","chairman","pharmaceuticals","new","48","male","China","CHN","0.0","East Asia","executive","1.0","New Sectors","True","Technology-Medical","not inherited","True","True"
